rawdata/idontevenwanttodoit.mp4 "[0.7833, 0.1296, 0.9682, 0.3694]" "(0.0, 9.0)"
rawdata/highspirits.mp4 "[0.7833, 0.1296, 0.9682, 0.3694]" "(0.0, 25.0)"
rawdata/balancethread.mp4 "[0.7833, 0.1296, 0.9682, 0.3694]" "(6.018, 10.51)"
rawdata/ifitwinsitsgood.mp4 "[0.7833, 0.1296, 0.9682, 0.3694]" "(0.0, 20.993)" "(24.282, 31.806)"
rawdata/winningtolosing.mp4 "[0.7833, 0.1296, 0.9682, 0.3694]" "(4.687, 11.904)"
rawdata/motherf.mp4 "[0.7833, 0.1296, 0.9682, 0.3694]" "(6.136, 7.0)"
rawdata/fuc.mp4 "[0.7833, 0.1296, 0.9682, 0.3694]" "(6.502, 8.0)"
rawdata/icantmovemyunits.mp4 "[0.7833, 0.1296, 0.9682, 0.3694]" "(7.425, 32.768)"
rawdata/thenextbisu.mp4 "[0.7833, 0.1296, 0.9682, 0.3694]" "(4.405, 20.0)"
rawdata/beautiful.mp4 "[0.7833, 0.1296, 0.9682, 0.3694]" "(1.9, 5.185)" "(10.973, 14.42)"
rawdata/amigonnamiss.mp4 "[0.7833, 0.1296, 0.9682, 0.3694]" "(4.004, 19.084)" "(20.568, 23.235)"
rawdata/thestupidestthing.mp4 "[0.7833, 0.1296, 0.9682, 0.3694]" "(9.219, 30)"
rawdata/holdlurkers.mp4 "[0.7833, 0.1296, 0.9682, 0.3694]" "(7.85, 16.335)" "(17.972, 20.864)" "(23.485, 24.816)"
rawdata/artosisisallofus.mp4 "[0.7833, 0.1296, 0.9682, 0.3694]" "(10.496, 24.0)"
rawdata/everythinghedoesissostupid.mp4 "[0.7833, 0.1296, 0.9682, 0.3694]" "(2.281, 6.636)"
rawdata/imgettingsoangry.mp4 "[0.7833, 0.1296, 0.9682, 0.3694]" "(4.375, 17.958)" "(25.067, 29.0)"
rawdata/pensiveclown.mp4 "[0.7833, 0.1296, 0.9682, 0.3694]" "(9.051, 15.657)"
rawdata/butitworks.mp4 "[0.7833, 0.1296, 0.9682, 0.3694]" "(9.964, 20.0)"
rawdata/thetruthaboutvalks.mp4 "[0.7833, 0.1296, 0.9682, 0.3694]" "(3.383, 6.56)" "(8.35, 10.897)" "(12.502, 14.474)" "(16.2, 20.0)"
rawdata/artosisandtheperfectbuild.mp4 "[0.7833, 0.1296, 0.9682, 0.3694]" "(15.151, 34.074)" "(40.485, 47.162)"
rawdata/youkiddingme.mp4 "[0.7833, 0.1296, 0.9682, 0.3694]" "(13.094, 17.09)" "(18.484, 21.141)"
rawdata/goodmicro.mp4 "[0.7833, 0.1296, 0.9682, 0.3694]" "(9.807, 20.903)"
rawdata/cantmicrohere.mp4 "[0.7833, 0.1296, 0.9682, 0.3694]" "(27.594, 33.064)"
rawdata/specialwinaslbuild.mp4 "[0.7833, 0.1296, 0.9682, 0.3694]" "(2.252, 4.406)" "(5.985, 8.352)" "(10.203, 15.036)"
rawdata/nooneisthisbad.mp4 "[0.7833, 0.1296, 0.9682, 0.3694]" "(2.202, 9.362)"
rawdata/whoa.mp4 "[0.7833, 0.1296, 0.9682, 0.3694]" "(9.301, 13.893)"
rawdata/twospidermines.mp4 "[0.7833, 0.1296, 0.9682, 0.3694]" "(4.068, 11.932)"
rawdata/howmany.mp4 "[0.7833, 0.1296, 0.9682, 0.3694]" "(9.891, 13.0)"
rawdata/whatthef.mp4 "[0.7833, 0.1296, 0.9682, 0.3694]" "(2.118, 5.0)"
rawdata/artyinpain.mp4 "[0.7833, 0.1296, 0.9682, 0.3694]" "(4.386, 28.159)" "(28.708, 35.164)"
rawdata/sosad.mp4 "[0.7833, 0.1296, 0.9682, 0.3694]" "(1.271, 2.687)" "(3.536, 6.0)"
rawdata/guyinthechat.mp4 "[0.7833, 0.1296, 0.9682, 0.3694]" "(0.32, 15.497)"
rawdata/carriers.mp4 "[0.7833, 0.1296, 0.9682, 0.3694]" "(3.017,  7.399)"
rawdata/lurkerscv.mp4 "[0.7833, 0.1296, 0.9682, 0.3694]" "(5.215, 13.351)"
rawdata/rng.mp4 "[0.7833, 0.1296, 0.9682, 0.3694]" "(10.525, 28.019)"
rawdata/ohyougotta.mp4 "[0.7833, 0.1296, 0.9682, 0.3694]" "(13.099, 15.911)"
rawdata/whatthefrickvultures.mp4 "[0.7833, 0.1296, 0.9682, 0.3694]" "(1.766, 6.0)"
rawdata/whatswrongwithyou.mp4 "[0.7833, 0.1296, 0.9682, 0.3694]" "(2.181, 9.814)" "(10.925, 15.793)"
rawdata/whatohmy.mp4 "[0.7833, 0.1296, 0.9682, 0.3694]" "(5.517, 8.898)"
rawdata/scene1.mp4 "[0.7833, 0.1296, 0.9682, 0.3694]"
rawdata/scene2.mp4 "[0.7833, 0.1296, 0.9682, 0.3694]"
rawdata/tempartosis-works-on-fun-damentals-testtemp0.mp4 "[0.7833, 0.1296, 0.9682, 0.3694]"
rawdata/tempartosis-works-on-fun-damentals-testtemp2.mp4 "[0.7833, 0.1296, 0.9682, 0.3694]"
rawdata/tempartosis-works-on-fun-damentals-testtemp3.mp4 "[0.7833, 0.1296, 0.9682, 0.3694]"
rawdata/tempartosis-works-on-fun-damentals-testtemp4.mp4 "[0.7833, 0.1296, 0.9682, 0.3694]"
rawdata/tempartosis-works-on-fun-damentals-testtemp5.mp4 "[0.7833, 0.1296, 0.9682, 0.3694]"
rawdata/tempartosis-works-on-fun-damentals-testtemp6.mp4 "[0.7833, 0.1296, 0.9682, 0.3694]"
rawdata/tempartosis-works-on-fun-damentals-testtemp7.mp4 "[0.7833, 0.1296, 0.9682, 0.3694]"
rawdata/tempartosis-works-on-fun-damentals-testtemp9.mp4 "[0.7833, 0.1296, 0.9682, 0.3694]"
rawdata/tempartosis-works-on-fun-damentals-testtemp11.mp4 "[0.7833, 0.1296, 0.9682, 0.3694]"
rawdata/tempartosis-works-on-fun-damentals-testtemp13.mp4 "[0.7833, 0.1296, 0.9682, 0.3694]"
rawdata/tempartosis-works-on-fun-damentals-testtemp15.mp4 "[0.7833, 0.1296, 0.9682, 0.3694]"
rawdata/tempartosis-works-on-fun-damentals-testtemp17.mp4 "[0.7833, 0.1296, 0.9682, 0.3694]"
rawdata/tempartosis-works-on-fun-damentals-testtemp18.mp4 "[0.7833, 0.1296, 0.9682, 0.3694]"
rawdata/tempartosis-works-on-fun-damentals-testtemp19.mp4 "[0.7833, 0.1296, 0.9682, 0.3694]"
rawdata/tempartosis-works-on-fun-damentals-testtemp20.mp4 "[0.7833, 0.1296, 0.9682, 0.3694]"
rawdata/tempartosis-works-on-fun-damentals-testtemp21.mp4 "[0.7833, 0.1296, 0.9682, 0.3694]"
rawdata/tempartosis-works-on-fun-damentals-testtemp23.mp4 "[0.7833, 0.1296, 0.9682, 0.3694]"
rawdata/tempartosis-works-on-fun-damentals-testtemp25.mp4 "[0.7833, 0.1296, 0.9682, 0.3694]"
rawdata/tempartosis-works-on-fun-damentals-testtemp26.mp4 "[0.7833, 0.1296, 0.9682, 0.3694]"
rawdata/tempartosis-works-on-fun-damentals-testtemp27.mp4 "[0.7833, 0.1296, 0.9682, 0.3694]"
rawdata/temprun2a3tosis-works-on-fun-damentalstemp0.mp4 "[0.7833, 0.1296, 0.9682, 0.3694]" "(2.990, 16.0)"
rawdata/temprun2a3tosis-works-on-fun-damentalstemp2.mp4 "[0.7833, 0.1296, 0.9682, 0.3694]" "(0.0, 16.0)"
rawdata/temprun2a3tosis-works-on-fun-damentalstemp4.mp4 "[0.7833, 0.1296, 0.9682, 0.3694]" "(0.0, 4.967)"
rawdata/temprun2a3tosis-works-on-fun-damentalstemp5.mp4 "[0.7833, 0.1296, 0.9682, 0.3694]" "(3.557, 14.733)"
rawdata/temprun2a3tosis-works-on-fun-damentalstemp7.mp4 "[0.7833, 0.1296, 0.9682, 0.3694]" "(5.435, 9.669)"
rawdata/temprun2a3tosis-works-on-fun-damentalstemp8.mp4 "[0.7833, 0.1296, 0.9682, 0.3694]" "(4.701, 16.0)"
rawdata/temprun2a3tosis-works-on-fun-damentalstemp10.mp4 "[0.7833, 0.1296, 0.9682, 0.3694]"
rawdata/temprun2a3tosis-works-on-fun-damentalstemp11.mp4 "[0.7833, 0.1296, 0.9682, 0.3694]"
rawdata/temptestgoodbye-weakness_highlight1.mp4 "[0.7635, 0.1056, 0.9802, 0.4009]" "(2.784, 9.534)" "(10.034, 16.0)"
rawdata/temptestgoodbye-weakness_highlight3.mp4 "[0.7635, 0.1056, 0.9802, 0.4009]"
rawdata/temptestgoodbye-weakness_highlight4.mp4 "[0.7635, 0.1056, 0.9802, 0.4009]"
rawdata/temptestgoodbye-weakness_highlight5.mp4 "[0.7635, 0.1056, 0.9802, 0.4009]" "(0.0, 13.627)"
rawdata/temptestgoodbye-weakness_highlight7.mp4 "[0.7635, 0.1056, 0.9802, 0.4009]"
rawdata/temptestgoodbye-weakness_highlight8.mp4 "[0.7635, 0.1056, 0.9802, 0.4009]" "(0.0, 2.261)" "(3.718, 16.0)"
rawdata/temptestgoodbye-weakness_highlight10.mp4 "[0.7635, 0.1056, 0.9802, 0.4009]" "(1.152, 3.468)"
rawdata/temptestgoodbye-weakness_highlight12.mp4 "[0.7635, 0.1056, 0.9802, 0.4009]" "(3.634, 12.110)"
rawdata/temptestgoodbye-weakness_highlight16.mp4 "[0.7635, 0.1056, 0.9802, 0.4009]"
rawdata/temptestreal-life-terran-martyr_highlight0.mp4 "[0.7635, 0.1056, 0.9802, 0.4009]"
rawdata/temptestreal-life-terran-martyr_highlight1.mp4 "[0.7635, 0.1056, 0.9802, 0.4009]"
rawdata/temptestreal-life-terran-martyr_highlight2.mp4 "[0.7635, 0.1056, 0.9802, 0.4009]"
rawdata/temptestreal-life-terran-martyr_highlight3.mp4 "[0.7635, 0.1056, 0.9802, 0.4009]"
rawdata/temptestreal-life-terran-martyr_highlight4.mp4 "[0.7635, 0.1056, 0.9802, 0.4009]"
rawdata/temptestreal-life-terran-martyr_highlight5.mp4 "[0.7635, 0.1056, 0.9802, 0.4009]" "(4.618, 8.404)"
rawdata/temptestreal-life-terran-martyr_highlight6.mp4 "[0.7635, 0.1056, 0.9802, 0.4009]" "(3.606, 8.481)"
rawdata/temptestreal-life-terran-martyr_highlight7.mp4 "[0.7635, 0.1056, 0.9802, 0.4009]"
rawdata/temptestreal-life-terran-martyr_highlight9.mp4 "[0.7635, 0.1056, 0.9802, 0.4009]"
rawdata/temptestreal-life-terran-martyr_highlight11.mp4 "[0.7635, 0.1056, 0.9802, 0.4009]" "(6.400, 16.0)"
rawdata/temptestreal-life-terran-martyr_highlight12.mp4 "[0.7635, 0.1056, 0.9802, 0.4009]"
rawdata/temptestreal-life-terran-martyr_highlight13.mp4 "[0.7635, 0.1056, 0.9802, 0.4009]"
rawdata/temptestreal-life-terran-martyr_highlight15.mp4 "[0.7635, 0.1056, 0.9802, 0.4009]"
rawdata/temptestnew-keyboard-new-mouse_highlight0.mp4 "[0.7635, 0.1056, 0.9802, 0.4009]"
rawdata/temptestnew-keyboard-new-mouse_highlight1.mp4 "[0.7635, 0.1056, 0.9802, 0.4009]"
rawdata/temptestnew-keyboard-new-mouse_highlight2.mp4 "[0.7635, 0.1056, 0.9802, 0.4009]"
rawdata/temptestnew-keyboard-new-mouse_highlight3.mp4 "[0.7635, 0.1056, 0.9802, 0.4009]"
rawdata/temptestnew-keyboard-new-mouse_highlight4.mp4 "[0.7635, 0.1056, 0.9802, 0.4009]"
rawdata/temptestnew-keyboard-new-mouse_highlight5.mp4 "[0.7635, 0.1056, 0.9802, 0.4009]"
rawdata/temptestnew-keyboard-new-mouse_highlight6.mp4 "[0.7635, 0.1056, 0.9802, 0.4009]"
rawdata/temptestnew-keyboard-new-mouse_highlight8.mp4 "[0.7635, 0.1056, 0.9802, 0.4009]"
rawdata/temptestnew-keyboard-new-mouse_highlight9.mp4 "[0.7635, 0.1056, 0.9802, 0.4009]"
rawdata/temptestnew-keyboard-new-mouse_highlight10.mp4 "[0.7635, 0.1056, 0.9802, 0.4009]"
rawdata/temptestmondaymorningtosis_highlight0.mp4 "[0.7635, 0.1056, 0.9802, 0.4009]"
rawdata/temptestmondaymorningtosis_highlight1.mp4 "[0.7635, 0.1056, 0.9802, 0.4009]"
rawdata/temptestmondaymorningtosis_highlight2.mp4 "[0.7635, 0.1056, 0.9802, 0.4009]"
rawdata/temptestmondaymorningtosis_highlight4.mp4 "[0.7635, 0.1056, 0.9802, 0.4009]"
rawdata/temptestmondaymorningtosis_highlight5.mp4 "[0.7635, 0.1056, 0.9802, 0.4009]"
rawdata/temptestmondaymorningtosis_highlight6.mp4 "[0.7635, 0.1056, 0.9802, 0.4009]"
rawdata/temptestmondaymorningtosis_highlight7.mp4 "[0.7635, 0.1056, 0.9802, 0.4009]"
rawdata/temptestmondaymorningtosis_highlight8.mp4 "[0.7635, 0.1056, 0.9802, 0.4009]"
rawdata/temptestmondaymorningtosis_highlight10.mp4 "[0.7635, 0.1056, 0.9802, 0.4009]"
rawdata/temptestmondaymorningtosis_highlight11.mp4 "[0.7635, 0.1056, 0.9802, 0.4009]"
rawdata/temptestmondaymorningtosis_highlight12.mp4 "[0.7635, 0.1056, 0.9802, 0.4009]"
rawdata/temptestmondaymorningtosis_highlight13.mp4 "[0.7635, 0.1056, 0.9802, 0.4009]"
rawdata/temptestmondaymorningtosis_highlight14.mp4 "[0.7635, 0.1056, 0.9802, 0.4009]"
rawdata/temptestmondaymorningtosis_highlight15.mp4 "[0.7635, 0.1056, 0.9802, 0.4009]" "(0.643, 3.30)" "(4.918, 10.506)" "(12.267, 16.0)"
rawdata/worstattackofalltime.mp4 "[0.7635, 0.1056, 0.9802, 0.4009]" "(0.0, 13.053)" "(23.917, 26.451)"
rawdata/guyinthechatbimbo.mp4 "[0.7635, 0.1056, 0.9802, 0.4009]" "(8.820, 38.390)"
rawdata/wot_everygameflash.mp4 "[0.7635, 0.1056, 0.9802, 0.4009]" "(0.700, 7.186)"
rawdata/worstplayer.mp4 "[0.7635, 0.1056, 0.9802, 0.4009]" "(2.884, 11.760)"
rawdata/whataprogamerwow.mp4 "[0.7635, 0.1056, 0.9802, 0.4009]" "(3.851, 13.078)"
rawdata/itssohard.mp4 "[0.7635, 0.1056, 0.9802, 0.4009]" "(4.153, 12.0)"
rawdata/abaddayonmmrhellagainstterrans.mp4 "[0.7635, 0.1056, 0.9802, 0.4009]" "(0.0, 50.258)"
rawdata/wehhhh.mp4 "[0.7635, 0.1056, 0.9802, 0.4009]" "(3.519, 6.089)"
rawdata/temptesttaking-no-prisoners_highlight0.mp4 "[0.7635, 0.1056, 0.9802, 0.4009]" "(0.0, 16.0)"
rawdata/temptesttaking-no-prisoners_highlight5.mp4 "[0.7635, 0.1056, 0.9802, 0.4009]" "(1.282, 16.0)"
rawdata/temptesttaking-no-prisoners_highlight7.mp4 "[0.7635, 0.1056, 0.9802, 0.4009]" "(2.617, 16.0)"
rawdata/temptesttaking-no-prisoners_highlight9.mp4 "[0.7635, 0.1056, 0.9802, 0.4009]" "(0.0, 16.0)"
rawdata/temptesttaking-no-prisoners_highlight10.mp4 "[0.7635, 0.1056, 0.9802, 0.4009]" "(0.0, 14.336)"
rawdata/temptesttaking-no-prisoners_highlight11.mp4 "[0.7635, 0.1056, 0.9802, 0.4009]" "(4.501, 16.0)"
rawdata/temptesttaking-no-prisoners_highlight12.mp4 "[0.7635, 0.1056, 0.9802, 0.4009]" "(0.0, 16.0)"
rawdata/temptesttaking-no-prisoners_highlight13.mp4 "[0.7635, 0.1056, 0.9802, 0.4009]" "(4.447, 10.815)"
rawdata/temptest-gsl-tonight_highlight0.mp4 "[0.7635, 0.1056, 0.9802, 0.4009]"
rawdata/temptest-gsl-tonight_highlight1.mp4 "[0.7635, 0.1056, 0.9802, 0.4009]"
rawdata/temptest-gsl-tonight_highlight2.mp4 "[0.7635, 0.1056, 0.9802, 0.4009]"
rawdata/temptest-gsl-tonight_highlight3.mp4 "[0.7635, 0.1056, 0.9802, 0.4009]" "(5.117, 16.0)"
rawdata/temptest-gsl-tonight_highlight5.mp4 "[0.7635, 0.1056, 0.9802, 0.4009]" "(0.0, 5.917)"
rawdata/temptest-gsl-tonight_highlight6.mp4 "[0.7635, 0.1056, 0.9802, 0.4009]" "(3.952, 14.151)"
rawdata/temptest-gsl-tonight_highlight7.mp4 "[0.7635, 0.1056, 0.9802, 0.4009]" "(3.367, 16.0)"
rawdata/temptest-gsl-tonight_highlight8.mp4 "[0.7635, 0.1056, 0.9802, 0.4009]" "(3.367, 16.0)"
rawdata/temptest-gsl-tonight_highlight9.mp4 "[0.7635, 0.1056, 0.9802, 0.4009]" "(3.168, 16.0)"
rawdata/temptest-gsl-tonight_highlight11.mp4 "[0.7635, 0.1056, 0.9802, 0.4009]" "(0.0, 16.0)"
rawdata/temptest-gsl-tonight_highlight13.mp4 "[0.7635, 0.1056, 0.9802, 0.4009]"
rawdata/temptest-gsl-tonight_highlight14.mp4 "[0.7635, 0.1056, 0.9802, 0.4009]" "(4.719, 16.0)"
rawdata/temptest-gsl-tonight_highlight16.mp4 "[0.7635, 0.1056, 0.9802, 0.4009]" "(4.135, 11.284)" "(13.748, 16.0)"
rawdata/temptestpoker_highlight1.mp4 "[0.7635, 0.1056, 0.9802, 0.4009]"
rawdata/temptestpoker_highlight2.mp4 "[0.7635, 0.1056, 0.9802, 0.4009]"
rawdata/temptestpoker_highlight4.mp4 "[0.7635, 0.1056, 0.9802, 0.4009]"
rawdata/temptestpoker_highlight6.mp4 "[0.7635, 0.1056, 0.9802, 0.4009]"
rawdata/temptestpoker_highlight8.mp4 "[0.7635, 0.1056, 0.9802, 0.4009]"
rawdata/temptestpoker_highlight9.mp4 "[0.7635, 0.1056, 0.9802, 0.4009]"
rawdata/temptestpoker_highlight10.mp4 "[0.7635, 0.1056, 0.9802, 0.4009]"
rawdata/temptestpoker_highlight11.mp4 "[0.7635, 0.1056, 0.9802, 0.4009]"
rawdata/temptestpoker_highlight12.mp4 "[0.7635, 0.1056, 0.9802, 0.4009]"
rawdata/temptestpoker_highlight13.mp4 "[0.7635, 0.1056, 0.9802, 0.4009]"
rawdata/temptestpoker_highlight15.mp4 "[0.7635, 0.1056, 0.9802, 0.4009]"
rawdata/temptestpoker_highlight16.mp4 "[0.7635, 0.1056, 0.9802, 0.4009]"
rawdata/temptestpoker_highlight17.mp4 "[0.7635, 0.1056, 0.9802, 0.4009]"
rawdata/temptestpoker_highlight18.mp4 "[0.7635, 0.1056, 0.9802, 0.4009]"
rawdata/temptestpoker_highlight19.mp4 "[0.7635, 0.1056, 0.9802, 0.4009]"
rawdata/temptestnothingcanbringmedown_highlight0.mp4 "[0.7635, 0.1056, 0.9802, 0.4009]"
rawdata/temptestnothingcanbringmedown_highlight2.mp4 "[0.7635, 0.1056, 0.9802, 0.4009]"
rawdata/temptestnothingcanbringmedown_highlight3.mp4 "[0.7635, 0.1056, 0.9802, 0.4009]"
rawdata/temptestnothingcanbringmedown_highlight4.mp4 "[0.7635, 0.1056, 0.9802, 0.4009]"
rawdata/temptestnothingcanbringmedown_highlight7.mp4 "[0.7635, 0.1056, 0.9802, 0.4009]"
rawdata/temptestnothingcanbringmedown_highlight9.mp4 "[0.7635, 0.1056, 0.9802, 0.4009]"
rawdata/temptestnothingcanbringmedown_highlight10.mp4 "[0.7635, 0.1056, 0.9802, 0.4009]"
rawdata/temptestnothingcanbringmedown_highlight11.mp4 "[0.7635, 0.1056, 0.9802, 0.4009]"
rawdata/temptestnothingcanbringmedown_highlight16.mp4 "[0.7635, 0.1056, 0.9802, 0.4009]" "(2.034, 5.797)" "(12.884, 14.528)"
rawdata/temptest-gsl-tonight-new-hotkey-scheme-now_highlight0.mp4 "[0.7635, 0.1056, 0.9802, 0.4009]"
rawdata/temptest-gsl-tonight-new-hotkey-scheme-now_highlight1.mp4 "[0.7635, 0.1056, 0.9802, 0.4009]" "(1.694, 16.0)"
rawdata/temptest-gsl-tonight-new-hotkey-scheme-now_highlight3.mp4 "[0.7635, 0.1056, 0.9802, 0.4009]" "(0.0, 11.0)"
rawdata/temptest-gsl-tonight-new-hotkey-scheme-now_highlight4.mp4 "[0.7635, 0.1056, 0.9802, 0.4009]" "(3.735, 16.0)"
rawdata/temptest-gsl-tonight-new-hotkey-scheme-now_highlight6.mp4 "[0.7635, 0.1056, 0.9802, 0.4009]" "(3.951, 12.700)"
rawdata/temptest-gsl-tonight-new-hotkey-scheme-now_highlight8.mp4 "[0.7635, 0.1056, 0.9802, 0.4009]" "(5.068, 16.0)"
rawdata/temptest-gsl-tonight-new-hotkey-scheme-now_highlight9.mp4 "[0.7635, 0.1056, 0.9802, 0.4009]" "(0.0, 1.540)" "(3.467, 16.0)"
rawdata/temptest-gsl-tonight-new-hotkey-scheme-now_highlight11.mp4 "[0.7635, 0.1056, 0.9802, 0.4009]" "(3.184, 9.486)"
rawdata/temptest-the-most-important-day-of-practice-of-my-life_highlight0.mp4 "[0.7635, 0.1056, 0.9802, 0.4009]"
rawdata/temptest-the-most-important-day-of-practice-of-my-life_highlight1.mp4 "[0.7635, 0.1056, 0.9802, 0.4009]"
rawdata/turtleandplague.mp4 "[0.7635, 0.1056, 0.9802, 0.4009]" "(0.0, 6.653)" "(16.684, 18.927)"
rawdata/onedepotplease.mp4 "[0.7635, 0.1056, 0.9802, 0.4009]" "(1.152, 12.759)" "(17.150, 23.383)" "(26.001, 26.464)"
rawdata/lightitonfire.mp4 "[0.7635, 0.1056, 0.9802, 0.4009]" "(0.0, 9.855)"
rawdata/absolutetvpmoment.mp4 "[0.7635, 0.1056, 0.9802, 0.4009]" "(2.936, 6.058)" "(23.634, 47.388)" "(50.979, 57.926)"
rawdata/huweh.mp4 "[0.7635, 0.1056, 0.9802, 0.4009]" "(2.384, 4.350)"
rawdata/tempinf-5-11-deliberate-practice-ladder-practice_highlight0.mp4 "[0.7635, 0.1056, 0.9802, 0.4009]"
rawdata/tempinf-5-11-deliberate-practice-ladder-practice_highlight2.mp4 "[0.7635, 0.1056, 0.9802, 0.4009]" "(0.0, 16.0)"
rawdata/tempinf-5-11-deliberate-practice-ladder-practice_highlight4.mp4 "[0.7635, 0.1056, 0.9802, 0.4009]" "(4.517, 12.950)"
rawdata/tempinf-5-12-again_highlight1.mp4 "[0.7635, 0.1056, 0.9802, 0.4009]" "(3.317, 16.0)"
rawdata/tempinf-5-12-again_highlight2.mp4 "[0.7635, 0.1056, 0.9802, 0.4009]" "(1.031, 16.0)"
rawdata/tempinf-5-12-again_highlight4.mp4 "[0.7635, 0.1056, 0.9802, 0.4009]" "(0.0, 11.0)"
rawdata/tempinf-5-12-again_highlight5.mp4 "[0.7635, 0.1056, 0.9802, 0.4009]" "(3.018, 16.0)"
rawdata/tempinf-5-12-again_highlight6.mp4 "[0.7635, 0.1056, 0.9802, 0.4009]" "(0.966, 16.0)"
rawdata/tempinf-5-12-again_highlight8.mp4 "[0.7635, 0.1056, 0.9802, 0.4009]" "(2.852, 4.521)"
rawdata/tempinf-5-12-again_highlight10.mp4 "[0.7635, 0.1056, 0.9802, 0.4009]"
rawdata/tempinf-5-12-again_highlight12.mp4 "[0.7635, 0.1056, 0.9802, 0.4009]"
rawdata/tempinf-5-12-again_highlight13.mp4 "[0.7635, 0.1056, 0.9802, 0.4009]"
rawdata/tempinf-5-12-again_highlight14.mp4 "[0.7635, 0.1056, 0.9802, 0.4009]" "(0.0, 16.0)"
rawdata/tempinf-5-12-again_highlight17.mp4 "[0.7635, 0.1056, 0.9802, 0.4009]" "(0.0, 16.0)"
rawdata/tempinf-5-12-again_highlight18.mp4 "[0.7635, 0.1056, 0.9802, 0.4009]" "(3.985, 16.0)"
rawdata/tempinf-5-12-again_highlight19.mp4 "[0.7635, 0.1056, 0.9802, 0.4009]" "(3.084, 13.560)"
rawdata/tempinf-5-12-again_highlight20.mp4 "[0.7635, 0.1056, 0.9802, 0.4009]" "(1.050, 13.750)"
rawdata/tempinf-5-12-again_highlight21.mp4 "[0.7635, 0.1056, 0.9802, 0.4009]" "(4.484, 7.773)"
rawdata/tempinf-5-12-again_highlight23.mp4 "[0.7635, 0.1056, 0.9802, 0.4009]"
rawdata/tempinf-5-12-again_highlight24.mp4 "[0.7635, 0.1056, 0.9802, 0.4009]" "(0.0, 2.935)"
rawdata/tempinf-5-12-again_highlight26.mp4 "[0.7635, 0.1056, 0.9802, 0.4009]" "(1.868, 16.0)"
rawdata/tempinf-5-12-again_highlight27.mp4 "[0.7635, 0.1056, 0.9802, 0.4009]" "(0.0, 11.0)"
rawdata/tempinf-5-12-again_highlight29.mp4 "[0.7635, 0.1056, 0.9802, 0.4009]" "(0.0, 7.685)"
rawdata/tempinf-5-12-again_highlight30.mp4 "[0.7635, 0.1056, 0.9802, 0.4009]" "(4.288, 16.0)"
rawdata/tempinf-5-12-again_highlight32.mp4 "[0.7635, 0.1056, 0.9802, 0.4009]" "(0.0, 16.0)"
rawdata/tempinf-5-12-again_highlight33.mp4 "[0.7635, 0.1056, 0.9802, 0.4009]" "(0.0, 16.0)"
rawdata/tempinf-5-12-again_highlight34.mp4 "[0.7635, 0.1056, 0.9802, 0.4009]" "(0.0, 16.0)"
rawdata/tempinf-5-13-gsl-tonight-ladder-now_highlight0.mp4 "[0.7635, 0.1056, 0.9802, 0.4009]"
rawdata/tempinf-5-13-gsl-tonight-ladder-now_highlight1.mp4 "[0.7635, 0.1056, 0.9802, 0.4009]"
rawdata/tempinf-5-13-gsl-tonight-ladder-now_highlight2.mp4 "[0.7635, 0.1056, 0.9802, 0.4009]"
rawdata/tempinf-5-13-gsl-tonight-ladder-now_highlight3.mp4 "[0.7635, 0.1056, 0.9802, 0.4009]"
rawdata/tempinf-5-13-gsl-tonight-ladder-now_highlight4.mp4 "[0.7635, 0.1056, 0.9802, 0.4009]"
rawdata/tempinf-5-13-gsl-tonight-ladder-now_highlight5.mp4 "[0.7635, 0.1056, 0.9802, 0.4009]" "(4.767, 7.048)"
rawdata/tempinf-5-13-gsl-tonight-ladder-now_highlight6.mp4 "[0.7635, 0.1056, 0.9802, 0.4009]" "(2.082, 9.920)"
rawdata/tempinf-5-13-gsl-tonight-ladder-now_highlight7.mp4 "[0.7635, 0.1056, 0.9802, 0.4009]"
rawdata/tempinf-5-15-i-will-play-my-best-today_highlight0.mp4 "[0.7635, 0.1056, 0.9802, 0.4009]" "(0.0, 16.0)"
rawdata/tempinf-5-15-i-will-play-my-best-today_highlight1.mp4 "[0.7635, 0.1056, 0.9802, 0.4009]"
rawdata/tempinf-5-15-i-will-play-my-best-today_highlight2.mp4 "[0.7635, 0.1056, 0.9802, 0.4009]" "(5.867, 16.0)"
rawdata/tempinf-5-15-i-will-play-my-best-today_highlight4.mp4 "[0.7635, 0.1056, 0.9802, 0.4009]" "(0.0, 7.638)"
rawdata/tempinf-5-15-i-will-play-my-best-today_highlight5.mp4 "[0.7635, 0.1056, 0.9802, 0.4009]"
rawdata/tempinf-5-15-i-will-play-my-best-today_highlight6.mp4 "[0.7635, 0.1056, 0.9802, 0.4009]" "(5.018, 16.0)"
rawdata/tempinf-5-15-i-will-play-my-best-today_highlight8.mp4 "[0.7635, 0.1056, 0.9802, 0.4009]"
rawdata/fff.mp4 "[0.7833, 0.1296, 0.9682, 0.3694]" "(5.732, 9.047)"
rawdata/temp5-18-0-rcg_h0.mp4 "[0.7635, 0.1056, 0.9802, 0.4009]"
rawdata/temp5-18-0-rcg_h1.mp4 "[0.7635, 0.1056, 0.9802, 0.4009]"
rawdata/temp5-18-0-rcg_h2.mp4 "[0.7635, 0.1056, 0.9802, 0.4009]"
rawdata/temp5-18-0-rcg_h3.mp4 "[0.7635, 0.1056, 0.9802, 0.4009]" "(0.585, 13.0)"
rawdata/temp5-18-0-rcg_h4.mp4 "[0.7635, 0.1056, 0.9802, 0.4009]" "(1.001, 10.817)"
rawdata/temp5-18-0-rcg_h5.mp4 "[0.7635, 0.1056, 0.9802, 0.4009]" "(0.402, 9.971)"
rawdata/temp5-18-0-rcg_h6.mp4 "[0.7635, 0.1056, 0.9802, 0.4009]" "(0.318, 13.0)"
rawdata/temp5-18-0-rcg_h7.mp4 "[0.7635, 0.1056, 0.9802, 0.4009]" "(0.0, 6.916)"
rawdata/temp5-18-0-rcg_h9.mp4 "[0.7635, 0.1056, 0.9802, 0.4009]" "(0.0, 10.085)"
rawdata/temp5-18-0-rcg_h10.mp4 "[0.7635, 0.1056, 0.9802, 0.4009]" "(3.118, 13.0)"
rawdata/temp5-18-0-rcg_h11.mp4 "[0.7635, 0.1056, 0.9802, 0.4009]" "(0.0, 9.0)"
rawdata/temp5-18-0-rcg_h13.mp4 "[0.7635, 0.1056, 0.9802, 0.4009]" "(0.0, 5.171)"
rawdata/temp5-18-2-bashing_h0.mp4 "[0.7635, 0.1056, 0.9802, 0.4009]" "(1.420, 13.0)"
rawdata/temp5-18-2-bashing_h2.mp4 "[0.7635, 0.1056, 0.9802, 0.4009]" "(0.0, 9.0)"
rawdata/temp5-18-2-bashing_h3.mp4 "[0.7635, 0.1056, 0.9802, 0.4009]"
rawdata/temp5-18-2-bashing_h5.mp4 "[0.7635, 0.1056, 0.9802, 0.4009]"
rawdata/temp5-18-2-bashing_h7.mp4 "[0.7635, 0.1056, 0.9802, 0.4009]"
rawdata/temp5-18-2-bashing_h8.mp4 "[0.7635, 0.1056, 0.9802, 0.4009]" "(0.0, 10.620)"
rawdata/temp5-18-2-bashing_h9.mp4 "[0.7635, 0.1056, 0.9802, 0.4009]"
rawdata/temp5-18-2-bashing_h10.mp4 "[0.7635, 0.1056, 0.9802, 0.4009]" "(2.902, 13.0)"
rawdata/temp5-18-2-bashing_h12.mp4 "[0.7635, 0.1056, 0.9802, 0.4009]" "(0.0, 9.0)"
rawdata/temp5-18-2-bashing_h14.mp4 "[0.7635, 0.1056, 0.9802, 0.4009]" "(0.0, 6.317)"
rawdata/temp5-18-2-bashing_h15.mp4 "[0.7635, 0.1056, 0.9802, 0.4009]" "(3.518, 13.0)"
rawdata/temp5-18-2-bashing_h17.mp4 "[0.7635, 0.1056, 0.9802, 0.4009]" "(0.0, 13.0)"
rawdata/temp5-18-2-bashing_h19.mp4 "[0.7635, 0.1056, 0.9802, 0.4009]" "(0.0, 9.0)"
rawdata/temp5-18-2-bashing_h21.mp4 "[0.7635, 0.1056, 0.9802, 0.4009]" "(0.0, 9.0)"
rawdata/temp5-18-2-bashing_h23.mp4 "[0.7635, 0.1056, 0.9802, 0.4009]" "(0.0, 9.0)"
rawdata/temp5-18-2-bashing_h25.mp4 "[0.7635, 0.1056, 0.9802, 0.4009]" "(0.0, 13.0)"
rawdata/temp5-18-2-bashing_h27.mp4 "[0.7635, 0.1056, 0.9802, 0.4009]" "(0.0, 9.0)"
rawdata/temp5-18-2-bashing_h29.mp4 "[0.7635, 0.1056, 0.9802, 0.4009]" "(4.151, 9.0)"
rawdata/temp5-18-2-bashing_h31.mp4 "[0.7635, 0.1056, 0.9802, 0.4009]" "(0.0, 13.0)"
rawdata/temp5-18-2-bashing_h33.mp4 "[0.7635, 0.1056, 0.9802, 0.4009]" "(0.0, 3.268)"
rawdata/temp5-18-2-bashing_h34.mp4 "[0.7635, 0.1056, 0.9802, 0.4009]"
rawdata/temp5-18-2-bashing_h35.mp4 "[0.7635, 0.1056, 0.9802, 0.4009]"
rawdata/temp5-18-2-bashing_h37.mp4 "[0.7635, 0.1056, 0.9802, 0.4009]" "(1.306, 9.0)"
rawdata/temp5-18-3-another-great_h0.mp4 "[0.7635, 0.1056, 0.9802, 0.4009]"
rawdata/temp5-18-3-another-great_h1.mp4 "[0.7635, 0.1056, 0.9802, 0.4009]"
rawdata/temp5-18-3-another-great_h2.mp4 "[0.7635, 0.1056, 0.9802, 0.4009]" "(0.0, 4.694)"
rawdata/temp5-18-gsl-1_h0.mp4 "[0.7635, 0.1056, 0.9802, 0.4009]" "(0.568, 13.0)"
rawdata/temp5-18-gsl-1_h1.mp4 "[0.7635, 0.1056, 0.9802, 0.4009]" "(3.434, 8.767)"
rawdata/temp5-18-gsl-1_h2.mp4 "[0.7635, 0.1056, 0.9802, 0.4009]" "(0.0, 13.0)"
rawdata/temp5-18-gsl-1_h4.mp4 "[0.7635, 0.1056, 0.9802, 0.4009]" "(0.0, 3.775)"
rawdata/temp5-18-gsl-1_h5.mp4 "[0.7635, 0.1056, 0.9802, 0.4009]" "(3.926, 13.0)"
rawdata/temp5-18-gsl-1_h10.mp4 "[0.7635, 0.1056, 0.9802, 0.4009]" "(0.0, 7.284)"
rawdata/temp5-18-gsl-1_h15.mp4 "[0.7635, 0.1056, 0.9802, 0.4009]" "(0.0, 13.0)"
rawdata/temp5-18-gsl-1_h16.mp4 "[0.7635, 0.1056, 0.9802, 0.4009]" "(0.0, 9.0)"
rawdata/temp5-18-gsl-1_h17.mp4 "[0.7635, 0.1056, 0.9802, 0.4009]" "(0.0, 13.0)"
rawdata/temp5-18-gsl-1_h19.mp4 "[0.7635, 0.1056, 0.9802, 0.4009]" "(0.0, 9.0)"
rawdata/temp5-18-gsl-1_h20.mp4 "[0.7635, 0.1056, 0.9802, 0.4009]" "(0.0, 10.617)"
rawdata/temp5-18-gsl-1_h21.mp4 "[0.7635, 0.1056, 0.9802, 0.4009]" "(2.385, 11.718)"
rawdata/temp5-18-gsl-1_h22.mp4 "[0.7635, 0.1056, 0.9802, 0.4009]" "(0.351, 6.468)"
rawdata/temp5-18-gsl-1_h23.mp4 "[0.7635, 0.1056, 0.9802, 0.4009]" "(1.300, 13.0)"
rawdata/temp5-18-gsl-1_h25.mp4 "[0.7635, 0.1056, 0.9802, 0.4009]" "(0.0, 9.0)"
rawdata/temp5-18-gsl-1_h27.mp4 "[0.7635, 0.1056, 0.9802, 0.4009]" "(0.0, 9.0)"
rawdata/temp5-18-gsl-1_h29.mp4 "[0.7635, 0.1056, 0.9802, 0.4009]" "(3.686, 8.496)"
rawdata/temp5-18-gsl-1_h30.mp4 "[0.7635, 0.1056, 0.9802, 0.4009]" "(3.836, 8.086)"
rawdata/temp5-18-gsl-1_h31.mp4 "[0.7635, 0.1056, 0.9802, 0.4009]" "(4.952, 9.704)"
rawdata/temp5-18-gsl-1_h32.mp4 "[0.7635, 0.1056, 0.9802, 0.4009]" "(4.184, 13.0)"
rawdata/temp5-18-gsl-1_h34.mp4 "[0.7635, 0.1056, 0.9802, 0.4009]" "(3.767, 13.0)"
rawdata/temp5-18-gsl-1_h36.mp4 "[0.7635, 0.1056, 0.9802, 0.4009]" "(0.0, 2.521)" "(4.074, 10.517)"
rawdata/temp5-18-gsl-1_h37.mp4 "[0.7635, 0.1056, 0.9802, 0.4009]"
rawdata/temp5-18-gsl-1_h38.mp4 "[0.7635, 0.1056, 0.9802, 0.4009]" "(3.997, 7.267)"
rawdata/temp5-18-gsl-1_h39.mp4 "[0.7635, 0.1056, 0.9802, 0.4009]" "(1.201, 9.867)"
rawdata/5-25-artosalt-new-season-new-maps_h0.mp4 "[0.7635, 0.1056, 0.9802, 0.4009]" "(0.0, 25.0)"
rawdata/5-25-artosalt-new-season-new-maps_h2.mp4 "[0.7635, 0.1056, 0.9802, 0.4009]"
rawdata/5-25-artosalt-new-season-new-maps_h3.mp4 "[0.7635, 0.1056, 0.9802, 0.4009]"
rawdata/5-25-going-well-or-hardly-going_h0.mp4 "[0.7635, 0.1056, 0.9802, 0.4009]"
rawdata/5-25-going-well-or-hardly-going_h1.mp4 "[0.7635, 0.1056, 0.9802, 0.4009]" "(7.618, 25.0)"
rawdata/5-25-going-well-or-hardly-going_h3.mp4 "[0.7635, 0.1056, 0.9802, 0.4009]" "(0.0, 25.0)"
rawdata/5-25-going-well-or-hardly-going_h5.mp4 "[0.7635, 0.1056, 0.9802, 0.4009]"
rawdata/5-25-going-well-or-hardly-going_h9.mp4 "[0.7635, 0.1056, 0.9802, 0.4009]" "(0.534, 7.210)"
rawdata/5-25-going-well-or-hardly-going_h10.mp4 "[0.7635, 0.1056, 0.9802, 0.4009]"
rawdata/5-25-going-well-or-hardly-going_h12.mp4 "[0.7635, 0.1056, 0.9802, 0.4009]"
rawdata/5-25-going-well-or-hardly-going_h13.mp4 "[0.7635, 0.1056, 0.9802, 0.4009]" "(16.684, 20.167)" "(21.471, 22.771)"
rawdata/5-25-going-well-or-hardly-going_h14.mp4 "[0.7635, 0.1056, 0.9802, 0.4009]"
rawdata/5-25-going-well-or-hardly-going_h15.mp4 "[0.7635, 0.1056, 0.9802, 0.4009]"
rawdata/5-25-ladder-then-gsl_h0.mp4 "[0.7635, 0.1056, 0.9802, 0.4009]" "(0.0, 25.0)"
rawdata/5-25-ladder-then-gsl_h2.mp4 "[0.7635, 0.1056, 0.9802, 0.4009]" "(0.0, 6.872)" "(9.484, 25.0)"
rawdata/5-25-ladder-then-gsl_h3.mp4 "[0.7635, 0.1056, 0.9802, 0.4009]" "(0.0, 25.0)"
rawdata/5-25-ladder-then-gsl_h5.mp4 "[0.7635, 0.1056, 0.9802, 0.4009]"
rawdata/5-25-ladder-then-gsl_h6.mp4 "[0.7635, 0.1056, 0.9802, 0.4009]" "(5.050, 21.478)"
rawdata/5-25-ladder-then-gsl_h7.mp4 "[0.7635, 0.1056, 0.9802, 0.4009]" "(3.267, 7.502)"
rawdata/5-25-ladder-then-gsl_h11.mp4 "[0.7635, 0.1056, 0.9802, 0.4009]" "(7.371, 11.444)" "(20.634, 25.0)"
rawdata/5-25-ladder-then-gsl_h12.mp4 "[0.7635, 0.1056, 0.9802, 0.4009]" "(0.0, 25.0)"
rawdata/5-25-ladder-then-gsl_h14.mp4 "[0.7635, 0.1056, 0.9802, 0.4009]" "(0.0, 20.620)"
rawdata/5-25-ladder-then-gsl_h17.mp4 "[0.7635, 0.1056, 0.9802, 0.4009]"
rawdata/5-25-ladder-then-gsl_h18.mp4 "[0.7635, 0.1056, 0.9802, 0.4009]"
rawdata/5-25-ladder-then-gsl_h20.mp4 "[0.7635, 0.1056, 0.9802, 0.4009]"
rawdata/5-25-s-before-june_h0.mp4 "[0.7635, 0.1056, 0.9802, 0.4009]" "(0.0, 16.874)"
rawdata/temp5-25-1-ten_h0.mp4 "[0.7635, 0.1056, 0.9802, 0.4009]" "(3.518, 25.0)"
rawdata/temp5-25-1-ten_h2.mp4 "[0.7635, 0.1056, 0.9802, 0.4009]" "(0.0, 25.0)"
rawdata/temp5-25-1-ten_h4.mp4 "[0.7635, 0.1056, 0.9802, 0.4009]" "(0.217, 5.173)" "(6.638, 20.723)"
rawdata/6-1-artosis-coached-by-terran-gosu-scan_h0.mp4 "[0.7833, 0.1296, 0.9682, 0.3694]"
rawdata/6-1-artosis-coached-by-terran-gosu-scan_h1.mp4 "[0.7833, 0.1296, 0.9682, 0.3694]"
rawdata/6-1-artosis-coached-by-terran-gosu-scan_h3.mp4 "[0.7833, 0.1296, 0.9682, 0.3694]"
rawdata/6-1-artosis-coached-by-terran-gosu-scan_h4.mp4 "[0.7833, 0.1296, 0.9682, 0.3694]"
rawdata/6-1-artosis-coached-by-terran-gosu-scan_h8.mp4 "[0.7833, 0.1296, 0.9682, 0.3694]" "(1.544, 15.846)" "(18.106, 19.792)"
rawdata/6-1-artosis-coached-by-terran-gosu-scan_h10.mp4 "[0.7833, 0.1296, 0.9682, 0.3694]" "(7.319, 17.390)"
rawdata/6-1-artosis-coached-by-terran-gosu-scan_h11.mp4 "[0.7833, 0.1296, 0.9682, 0.3694]"
rawdata/6-1-artosis-coached-by-terran-gosu-scan_h12.mp4 "[0.7833, 0.1296, 0.9682, 0.3694]"
rawdata/6-1-artosis-coached-by-terran-gosu-scan_h15.mp4 "[0.7833, 0.1296, 0.9682, 0.3694]"
rawdata/6-1-artosis-coached-by-terran-gosu-scan_h17.mp4 "[0.7833, 0.1296, 0.9682, 0.3694]"
rawdata/6-1-artosis-coached-by-terran-gosu-scan_h18.mp4 "[0.7833, 0.1296, 0.9682, 0.3694]"
rawdata/6-1professionalslimerancherplayertriesstarcraft_h0.mp4 "[0.7833, 0.1296, 0.9682, 0.3694]" "(0.0, 28.107)"
rawdata/6-1-thereisnoangerleft_h0.mp4 "[0.7833, 0.1296, 0.9682, 0.3694]" "(6.408, 31.0)"
rawdata/6-1-thereisnoangerleft_h1.mp4 "[0.7833, 0.1296, 0.9682, 0.3694]" "(7.032, 31.0)"
rawdata/6-1-artosis_h0.mp4 "[0.7833, 0.1296, 0.9682, 0.3694]"
rawdata/6-1-artosis_h1.mp4 "[0.7833, 0.1296, 0.9682, 0.3694]"
rawdata/6-1-artosis_h2.mp4 "[0.7833, 0.1296, 0.9682, 0.3694]" "(5.569, 28.500)"
rawdata/6-1-artosis_h3.mp4 "[0.7833, 0.1296, 0.9682, 0.3694]"
rawdata/6-1-artosis_h5.mp4 "[0.7833, 0.1296, 0.9682, 0.3694]" "(3.197, 31.0)"
rawdata/6-1-artosis_h7.mp4 "[0.7833, 0.1296, 0.9682, 0.3694]" "(0.0, 21.0)"
rawdata/6-1-artosis_h9.mp4 "[0.7833, 0.1296, 0.9682, 0.3694]" "(8.510, 31.0)"
rawdata/6-1-artosis_h10.mp4 "[0.7833, 0.1296, 0.9682, 0.3694]" "(10.901, 26.204)"
rawdata/temp6-8-0-artosis_h0.mp4 "[0.7833, 0.1296, 0.9682, 0.3694]" "(1.783, 21.388)"
rawdata/temp6-8-0-artosis_h1.mp4 "[0.7833, 0.1296, 0.9682, 0.3694]" "(3.618, 19.851)"
rawdata/temp6-8-0-artosis_h2.mp4 "[0.7833, 0.1296, 0.9682, 0.3694]" "(0.0, 1.623)" "(4.767, 26.151)"
rawdata/6-8-1-starcraft-brood-war-terran-laddering_h0.mp4 "[0.7833, 0.1296, 0.9682, 0.3694]"
rawdata/6-8-1-starcraft-brood-war-terran-laddering_h1.mp4 "[0.7833, 0.1296, 0.9682, 0.3694]" "(3.085, 24.167)"
rawdata/6-8-1-starcraft-brood-war-terran-laddering_h2.mp4 "[0.7833, 0.1296, 0.9682, 0.3694]" "(4.051, 12.345)"
rawdata/6-8-2-yesterdays-losses-are-todays-wins_h0.mp4 "[0.7833, 0.1296, 0.9682, 0.3694]" "(0.983, 43.536)"
rawdata/6-8-2-yesterdays-losses-are-todays-wins_h4.mp4 "[0.7833, 0.1296, 0.9682, 0.3694]"
rawdata/6-8-2-yesterdays-losses-are-todays-wins_h5.mp4 "[0.7833, 0.1296, 0.9682, 0.3694]"
rawdata/6-8-2-yesterdays-losses-are-todays-wins_h6.mp4 "[0.7833, 0.1296, 0.9682, 0.3694]" "(3.818, 19.835)"
rawdata/6-8-2-yesterdays-losses-are-todays-wins_h7.mp4 "[0.7833, 0.1296, 0.9682, 0.3694]"
rawdata/6-8-2-yesterdays-losses-are-todays-wins_h8.mp4 "[0.7833, 0.1296, 0.9682, 0.3694]" "(0.0, 9.883)" "(13.350, 20.0)"
rawdata/6-8-3-artopog-artolose-artodanger_h0.mp4 "[0.7833, 0.1296, 0.9682, 0.3694]" "(2.017, 16.353)"
rawdata/6-8-3-artopog-artolose-artodanger_h1.mp4 "[0.7833, 0.1296, 0.9682, 0.3694]" "(1.302, 18.0)"
rawdata/6-8-3-artopog-artolose-artodanger_h2.mp4 "[0.7833, 0.1296, 0.9682, 0.3694]" "(3.718, 17.386)" "(19.651, 21.0)"
rawdata/6-19-0-god-tier_h0.mp4 "[0.7833, 0.1296, 0.9682, 0.3694]"
rawdata/6-19-0-god-tier_h1.mp4 "[0.7833, 0.1296, 0.9682, 0.3694]" "(0.0, 4.112)" "(8.625, 32.696)"
rawdata/6-19-0-god-tier_h2.mp4 "[0.7833, 0.1296, 0.9682, 0.3694]" "(0.0, 10.646)"
rawdata/6-19-0-god-tier_h3.mp4 "[0.7833, 0.1296, 0.9682, 0.3694]" "(0.548, 15.485)"
rawdata/6-19-0-god-tier_h4.mp4 "[0.7833, 0.1296, 0.9682, 0.3694]" "(2.646, 19.621)" "(20.938, 24.149)" "(25.316, 27.0)"
rawdata/6-19-0-god-tier_h5.mp4 "[0.7833, 0.1296, 0.9682, 0.3694]" "(0.0, 4.498)"
rawdata/6-19-0-god-tier_h6.mp4 "[0.7833, 0.1296, 0.9682, 0.3694]" "(2.868, 17.393)"
rawdata/6-19-0-god-tier_h7.mp4 "[0.7833, 0.1296, 0.9682, 0.3694]" "(2.533, 42.370)"
rawdata/6-19-0-god-tier_h8.mp4 "[0.7833, 0.1296, 0.9682, 0.3694]" "(0.841, 11.974)"
rawdata/6-19-1-imgonnagetem_h0.mp4 "[0.7833, 0.1296, 0.9682, 0.3694]" "(1.882, 16.0)"
rawdata/6-19-1-imgonnagetem_h1.mp4 "[0.7833, 0.1296, 0.9682, 0.3694]" "(3.548, 13.247)"
rawdata/6-19-1-imgonnagetem_h2.mp4 "[0.7833, 0.1296, 0.9682, 0.3694]" "(0.0, 18.147)"
rawdata/6-19-1-imgonnagetem_h3.mp4 "[0.7833, 0.1296, 0.9682, 0.3694]" "(0.715, 15.221)"
rawdata/6-19-1-imgonnagetem_h4.mp4 "[0.7833, 0.1296, 0.9682, 0.3694]" "(1.384, 22.737)"
rawdata/6-19-1-imgonnagetem_h5.mp4 "[0.7833, 0.1296, 0.9682, 0.3694]" "(4.664, 41.0)"
rawdata/6-19-1-imgonnagetem_h6.mp4 "[0.7833, 0.1296, 0.9682, 0.3694]" "(0.0, 30.0)"
rawdata/6-19-1-imgonnagetem_h7.mp4 "[0.7833, 0.1296, 0.9682, 0.3694]" "(0.0, 9.279)" "(11.136, 15.0)"
rawdata/6-19-1-imgonnagetem_h8.mp4 "[0.7833, 0.1296, 0.9682, 0.3694]" "(0.0, 13.097)" "(19.837, 21.0)"
rawdata/6-19-1-imgonnagetem_h9.mp4 "[0.7833, 0.1296, 0.9682, 0.3694]" "(0.0, 91.343)"
rawdata/6-19-2-artosis_h0.mp4 "[0.7833, 0.1296, 0.9682, 0.3694]" "(0.0, 40.0)"
rawdata/6-19-2-artosis_h1.mp4 "[0.7833, 0.1296, 0.9682, 0.3694]" "(2.084, 16.0)"
rawdata/6-19-2-artosis_h2.mp4 "[0.7833, 0.1296, 0.9682, 0.3694]" "(2.898, 22.713)"
rawdata/6-19-2-artosis_h3.mp4 "[0.7833, 0.1296, 0.9682, 0.3694]" "(0.0, 16.0)"
rawdata/6-19-2-artosis_h4.mp4 "[0.7833, 0.1296, 0.9682, 0.3694]" "(0.0, 18.328)"
rawdata/6-19-2-artosis_h5.mp4 "[0.7833, 0.1296, 0.9682, 0.3694]" "(0.0, 21.0)"
rawdata/6-19-2-artosis_h6.mp4 "[0.7833, 0.1296, 0.9682, 0.3694]" "(0.0, 13.157)"
rawdata/6-19-3-artosisladderpractice_h0.mp4 "[0.7833, 0.1296, 0.9682, 0.3694]" "(2.540, 25.0)"
rawdata/6-19-3-artosisladderpractice_h1.mp4 "[0.7833, 0.1296, 0.9682, 0.3694]" "(3.647, 20.754)"
rawdata/6-19-3-artosisladderpractice_h2.mp4 "[0.7833, 0.1296, 0.9682, 0.3694]" "(0.826, 13.982)"
rawdata/6-19-3-artosisladderpractice_h3.mp4 "[0.7833, 0.1296, 0.9682, 0.3694]" "(3.745, 12.676)"
rawdata/6-19-3-artosisladderpractice_h4.mp4 "[0.7833, 0.1296, 0.9682, 0.3694]" "(0.0, 21.054)"
rawdata/6-19-3-artosisladderpractice_h5.mp4 "[0.7833, 0.1296, 0.9682, 0.3694]" "(0.667, 16.124)"
rawdata/6-19-3-artosisladderpractice_h6.mp4 "[0.7833, 0.1296, 0.9682, 0.3694]" "(0.0, 22.338)" "(23.363, 24.705)"
rawdata/6-19-3-artosisladderpractice_h7.mp4 "[0.7833, 0.1296, 0.9682, 0.3694]" "(7.086, 22.803)" "(23.599, 27.899)" "(30.273, 32.0)"
rawdata/6-19-3-artosisladderpractice_h8.mp4 "[0.7833, 0.1296, 0.9682, 0.3694]" "(0.0, 11.514)" "(12.331, 15.0)"
rawdata/6-19-3-artosisladderpractice_h9.mp4 "[0.7833, 0.1296, 0.9682, 0.3694]" "(0.0, 36.576)"
rawdata/6-19-3-artosisladderpractice_h10.mp4 "[0.7833, 0.1296, 0.9682, 0.3694]" "(3.119, 15.040)"
rawdata/6-19-3-artosisladderpractice_h11.mp4 "[0.7833, 0.1296, 0.9682, 0.3694]" "(0.0, 3.589)"
rawdata/6-19-3-artosisladderpractice_h12.mp4 "[0.7833, 0.1296, 0.9682, 0.3694]" "(0.0, 9.989)" "(10.224, 14.073)"
rawdata/6-19-3-artosisladderpractice_h13.mp4 "[0.7833, 0.1296, 0.9682, 0.3694]" "(2.279, 15.0)"
rawdata/6-19-3-artosisladderpractice_h14.mp4 "[0.7833, 0.1296, 0.9682, 0.3694]" "(0.397, 16.0)"
rawdata/6-22-0-tryingafnew_h2.mp4 "[0.7833, 0.1296, 0.9682, 0.3694]"
rawdata/6-22-0-tryingafnew_h3.mp4 "[0.7833, 0.1296, 0.9682, 0.3694]" "(0.685, 26.512)"
rawdata/6-22-0-tryingafnew_h4.mp4 "[0.7833, 0.1296, 0.9682, 0.3694]" "(0.918, 12.518)"
rawdata/6-22-0-tryingafnew_h5.mp4 "[0.7833, 0.1296, 0.9682, 0.3694]" "(15.378, 17.177)"
rawdata/6-22-0-tryingafnew_h6.mp4 "[0.7833, 0.1296, 0.9682, 0.3694]"
rawdata/6-22-0-tryingafnew_h7.mp4 "[0.7833, 0.1296, 0.9682, 0.3694]"
rawdata/6-22-0-tryingafnew_h8.mp4 "[0.7833, 0.1296, 0.9682, 0.3694]" "(2.443, 19.0)"
rawdata/6-22-0-tryingafnew_h12.mp4 "[0.7833, 0.1296, 0.9682, 0.3694]" "(0.0, 14.026)"
rawdata/6-22-0-tryingafnew_h13.mp4 "[0.7833, 0.1296, 0.9682, 0.3694]" "(0.751, 9.760)" "(11.993, 23.792)"
rawdata/6-22-1-bashinguptheladder_h0.mp4 "[0.7833, 0.1296, 0.9682, 0.3694]"
rawdata/6-22-1-bashinguptheladder_h1.mp4 "[0.7833, 0.1296, 0.9682, 0.3694]"
rawdata/6-22-1-bashinguptheladder_h2.mp4 "[0.7833, 0.1296, 0.9682, 0.3694]" "(0.0, 14.0)"
rawdata/6-22-1-bashinguptheladder_h3.mp4 "[0.7833, 0.1296, 0.9682, 0.3694]"
rawdata/6-22-1-bashinguptheladder_h4.mp4 "[0.7833, 0.1296, 0.9682, 0.3694]" "(2.502, 11.901)"
rawdata/6-22-1-bashinguptheladder_h5.mp4 "[0.7833, 0.1296, 0.9682, 0.3694]" "(0.0, 13.0)"
rawdata/6-22-1-bashinguptheladder_h6.mp4 "[0.7833, 0.1296, 0.9682, 0.3694]" "(3.964, 12.800)"
rawdata/6-22-1-bashinguptheladder_h7.mp4 "[0.7833, 0.1296, 0.9682, 0.3694]"
rawdata/6-22-1-bashinguptheladder_h8.mp4 "[0.7833, 0.1296, 0.9682, 0.3694]"
rawdata/6-22-1-bashinguptheladder_h10.mp4 "[0.7833, 0.1296, 0.9682, 0.3694]" "(1.922, 7.203)"
rawdata/6-22-1-bashinguptheladder_h11.mp4 "[0.7833, 0.1296, 0.9682, 0.3694]" "(1.296, 12.681)"
rawdata/6-22-1-bashinguptheladder_h12.mp4 "[0.7833, 0.1296, 0.9682, 0.3694]" "(1.567, 4.857)" "(7.914, 9.683)" "(10.475, 12.479)" "(15.480, 18.428)" "(23.136, 24.480)"
rawdata/6-22-1-bashinguptheladder_h13.mp4 "[0.7833, 0.1296, 0.9682, 0.3694]" "(1.129, 31.072)"
rawdata/6-22-1-bashinguptheladder_h14.mp4 "[0.7833, 0.1296, 0.9682, 0.3694]"
rawdata/6-22-1-bashinguptheladder_h15.mp4 "[0.7833, 0.1296, 0.9682, 0.3694]" "(0.0, 9.334)" "(12.634, 14.0)"
rawdata/6-22-1-bashinguptheladder_h16.mp4 "[0.7833, 0.1296, 0.9682, 0.3694]" "(2.146, 10.953)"
rawdata/6-22-1-bashinguptheladder_h17.mp4 "[0.7833, 0.1296, 0.9682, 0.3694]" "(1.151, 8.404)"
rawdata/6-22-2-gsltonight_h0.mp4 "[0.7833, 0.1296, 0.9682, 0.3694]" "(2.685, 22.915)" "(25.118, 30.532)"
rawdata/6-22-2-gsltonight_h1.mp4 "[0.7833, 0.1296, 0.9682, 0.3694]" "(0.0, 9.322)"
rawdata/6-22-2-gsltonight_h2.mp4 "[0.7833, 0.1296, 0.9682, 0.3694]" "(1.311, 14.0)"
rawdata/6-22-2-gsltonight_h3.mp4 "[0.7833, 0.1296, 0.9682, 0.3694]" "(0.0, 12.680)"
rawdata/6-22-2-gsltonight_h4.mp4 "[0.7833, 0.1296, 0.9682, 0.3694]" "(0.378, 10.114)"
rawdata/6-22-2-gsltonight_h5.mp4 "[0.7833, 0.1296, 0.9682, 0.3694]" "(0.0, 34.622)" "(40.200, 44.775)" "(51.510, 85.156)"
rawdata/6-22-2-gsltonight_h6.mp4 "[0.7833, 0.1296, 0.9682, 0.3694]" "(0.0, 10.995)"
rawdata/6-22-2-gsltonight_h7.mp4 "[0.7833, 0.1296, 0.9682, 0.3694]" "(1.750, 9.333)"
rawdata/6-22-2-gsltonight_h8.mp4 "[0.7833, 0.1296, 0.9682, 0.3694]" "(1.717, 9.997)"
rawdata/6-22-2-gsltonight_h9.mp4 "[0.7833, 0.1296, 0.9682, 0.3694]" "(0.136, 12.648)"
rawdata/6-22-3-followingtheprescription_h0.mp4 "[0.7833, 0.1296, 0.9682, 0.3694]" "(0.0, 9.535)" "(14.115, 21.0)"
rawdata/6-22-3-followingtheprescription_h1.mp4 "[0.7833, 0.1296, 0.9682, 0.3694]" "(19.302, 21.0)"
rawdata/6-22-3-followingtheprescription_h2.mp4 "[0.7833, 0.1296, 0.9682, 0.3694]"
rawdata/6-22-3-followingtheprescription_h3.mp4 "[0.7833, 0.1296, 0.9682, 0.3694]" "(0.0, 0.882)" "(4.662, 10.862)" "(15.293, 17.022)"
rawdata/6-22-3-followingtheprescription_h4.mp4 "[0.7833, 0.1296, 0.9682, 0.3694]" "(2.008, 9.198)"
rawdata/6-22-3-followingtheprescription_h5.mp4 "[0.7833, 0.1296, 0.9682, 0.3694]" "(0.812, 21.788)"
rawdata/6-22-3-followingtheprescription_h6.mp4 "[0.7833, 0.1296, 0.9682, 0.3694]" "(0.0, 3.611)"
rawdata/6-22-3-followingtheprescription_h7.mp4 "[0.7833, 0.1296, 0.9682, 0.3694]" "(0.918, 6.385)" "(8.340, 24.270)" "(38.428, 42.996)"
rawdata/6-22-3-followingtheprescription_h8.mp4 "[0.7833, 0.1296, 0.9682, 0.3694]" "(0.628, 6.998)"
rawdata/6-22-3-followingtheprescription_h9.mp4 "[0.7833, 0.1296, 0.9682, 0.3694]" "(1.180, 8.869)"
rawdata/6-22-3-followingtheprescription_h10.mp4 "[0.7833, 0.1296, 0.9682, 0.3694]"
rawdata/6-22-3-followingtheprescription_h11.mp4 "[0.7833, 0.1296, 0.9682, 0.3694]" "(1.073, 18.0)"
rawdata/6-22-3-followingtheprescription_h12.mp4 "[0.7833, 0.1296, 0.9682, 0.3694]" "(0.756, 10.630)"
rawdata/6-22-3-followingtheprescription_h13.mp4 "[0.7833, 0.1296, 0.9682, 0.3694]" "(0.0, 12.684)"
rawdata/6-22-3-followingtheprescription_h14.mp4 "[0.7833, 0.1296, 0.9682, 0.3694]" "(1.000, 14.0)"
rawdata/6-22-3-followingtheprescription_h15.mp4 "[0.7833, 0.1296, 0.9682, 0.3694]" "(1.818, 5.032)"
rawdata/6-22-3-followingtheprescription_h16.mp4 "[0.7833, 0.1296, 0.9682, 0.3694]" "(0.843, 26.166)"
rawdata/6-22-3-followingtheprescription_h17.mp4 "[0.7833, 0.1296, 0.9682, 0.3694]" "(2.487, 19.921)"
rawdata/6-22-3-followingtheprescription_h18.mp4 "[0.7833, 0.1296, 0.9682, 0.3694]" "(1.547, 9.456)" "(11.366, 29.768)"
rawdata/6-22-3-followingtheprescription_h19.mp4 "[0.7833, 0.1296, 0.9682, 0.3694]"
rawdata/6-22-3-followingtheprescription_h20.mp4 "[0.7833, 0.1296, 0.9682, 0.3694]" "(1.590, 20.421)" "(25.993, 30.976)"
rawdata/6-22-3-followingtheprescription_h21.mp4 "[0.7833, 0.1296, 0.9682, 0.3694]" "(0.0, 17.860)"
rawdata/6-22-3-followingtheprescription_h22.mp4 "[0.7833, 0.1296, 0.9682, 0.3694]" "(0.0, 9.401)" "(14.972, 18.719)"
rawdata/6-22-3-followingtheprescription_h23.mp4 "[0.7833, 0.1296, 0.9682, 0.3694]" "(0.319, 9.980)"
rawdata/6-22-3-followingtheprescription_h24.mp4 "[0.7833, 0.1296, 0.9682, 0.3694]" "(0.726, 9.086)"
rawdata/6-22-3-followingtheprescription_h25.mp4 "[0.7833, 0.1296, 0.9682, 0.3694]" "(0.0, 14.663)" "(15.200, 18.825)"
rawdata/6-22-3-followingtheprescription_h26.mp4 "[0.7833, 0.1296, 0.9682, 0.3694]" "(1.401, 9.297)"
rawdata/6-22-3-followingtheprescription_h27.mp4 "[0.7833, 0.1296, 0.9682, 0.3694]" "(0.0, 13.834)"
rawdata/6-22-3-followingtheprescription_h28.mp4 "[0.7833, 0.1296, 0.9682, 0.3694]" "(0.0, 11.496)"
rawdata/6-22-3-followingtheprescription_h29.mp4 "[0.7833, 0.1296, 0.9682, 0.3694]" "(0.283, 5.169)" "(14.007, 19.277)" "(23.722, 24.736)"
rawdata/6-22-3-followingtheprescription_h30.mp4 "[0.7833, 0.1296, 0.9682, 0.3694]" "(2.419, 9.593)" "(12.680, 21.646)" "(32.451, 36.950)"
rawdata/6-22-3-followingtheprescription_h31.mp4 "[0.7833, 0.1296, 0.9682, 0.3694]" "(5.276, 10.639)"
rawdata/6-22-3-followingtheprescription_h32.mp4 "[0.7833, 0.1296, 0.9682, 0.3694]" "(2.481, 37.825)"
rawdata/6-22-3-followingtheprescription_h33.mp4 "[0.7833, 0.1296, 0.9682, 0.3694]" "(17.045, 18.449)"
rawdata/6-22-3-followingtheprescription_h34.mp4 "[0.7833, 0.1296, 0.9682, 0.3694]" "(0.0, 3.838)"
rawdata/6-22-4-seriousmodetoday_h0.mp4 "[0.7833, 0.1296, 0.9682, 0.3694]" "(0.342, 15.341)"
rawdata/6-22-4-seriousmodetoday_h1.mp4 "[0.7833, 0.1296, 0.9682, 0.3694]" "(1.751, 31.0)"
rawdata/6-22-4-seriousmodetoday_h2.mp4 "[0.7833, 0.1296, 0.9682, 0.3694]" "(1.276, 73.985)"
rawdata/6-22-4-seriousmodetoday_h3.mp4 "[0.7833, 0.1296, 0.9682, 0.3694]" "(1.633, 13.70)"
rawdata/6-22-4-seriousmodetoday_h4.mp4 "[0.7833, 0.1296, 0.9682, 0.3694]" "(0.0, 13.0)"
rawdata/6-22-4-seriousmodetoday_h5.mp4 "[0.7833, 0.1296, 0.9682, 0.3694]" "(0.371, 20.0)"
rawdata/6-22-4-seriousmodetoday_h6.mp4 "[0.7833, 0.1296, 0.9682, 0.3694]" "(0.0, 14.401)"
rawdata/6-22-4-seriousmodetoday_h7.mp4 "[0.7833, 0.1296, 0.9682, 0.3694]" "(0.0, 17.648)" "(18.158, 19.991)"
rawdata/6-22-4-seriousmodetoday_h8.mp4 "[0.7833, 0.1296, 0.9682, 0.3694]" "(0.0, 12.201)"
rawdata/6-22-4-seriousmodetoday_h9.mp4 "[0.7833, 0.1296, 0.9682, 0.3694]" "(6.689, 27.0)"
rawdata/6-22-4-seriousmodetoday_h10.mp4 "[0.7833, 0.1296, 0.9682, 0.3694]" "(1.331, 8.967)"
rawdata/6-22-4-seriousmodetoday_h11.mp4 "[0.7833, 0.1296, 0.9682, 0.3694]" "(0.301, 21.062)"
rawdata/6-29-0-climbingoutofthegutter_h0.mp4 "[0.7833, 0.1296, 0.9682, 0.3694]" "(3.668, 27.808)"
rawdata/6-29-0-climbingoutofthegutter_h1.mp4 "[0.7833, 0.1296, 0.9682, 0.3694]" "(0.717, 36.409)"
rawdata/6-29-0-climbingoutofthegutter_h2.mp4 "[0.7833, 0.1296, 0.9682, 0.3694]" "(0.0, 9.064)" "(12.805, 21.890)"
rawdata/6-29-0-climbingoutofthegutter_h3.mp4 "[0.7833, 0.1296, 0.9682, 0.3694]" "(3.987, 18.036)"
rawdata/6-29-0-climbingoutofthegutter_h4.mp4 "[0.7833, 0.1296, 0.9682, 0.3694]"
rawdata/6-29-0-climbingoutofthegutter_h5.mp4 "[0.7833, 0.1296, 0.9682, 0.3694]" "(3.135, 20.0)"
rawdata/6-29-1-onwardsupwards_h0.mp4 "[0.7833, 0.1296, 0.9682, 0.3694]" "(1.619, 6.058)"
rawdata/6-29-1-onwardsupwards_h1.mp4 "[0.7833, 0.1296, 0.9682, 0.3694]" "(0.0, 6.004)"
rawdata/6-29-1-onwardsupwards_h2.mp4 "[0.7833, 0.1296, 0.9682, 0.3694]" "(0.0, 1.036)" "(2.517, 15.043)"
rawdata/6-29-1-onwardsupwards_h3.mp4 "[0.7833, 0.1296, 0.9682, 0.3694]"
rawdata/6-29-1-onwardsupwards_h4.mp4 "[0.7833, 0.1296, 0.9682, 0.3694]"
rawdata/6-29-1-onwardsupwards_h5.mp4 "[0.7833, 0.1296, 0.9682, 0.3694]" "(0.0, 8.155)" "(10.802, 22.050)"
rawdata/6-29-1-onwardsupwards_h6.mp4 "[0.7833, 0.1296, 0.9682, 0.3694]" "(3.934, 19.499)"
rawdata/6-29-1-onwardsupwards_h7.mp4 "[0.7833, 0.1296, 0.9682, 0.3694]" "(3.722, 68.821)"
rawdata/6-29-3-gsltonightladderclimbnow_h0.mp4 "[0.7833, 0.1296, 0.9682, 0.3694]" "(2.646, 17.613)"
rawdata/6-29-3-gsltonightladderclimbnow_h1.mp4 "[0.7833, 0.1296, 0.9682, 0.3694]" "(2.610, 22.0)"
rawdata/6-29-3-gsltonightladderclimbnow_h2.mp4 "[0.7833, 0.1296, 0.9682, 0.3694]" "(1.184, 13.963)"
rawdata/6-29-3-gsltonightladderclimbnow_h3.mp4 "[0.7833, 0.1296, 0.9682, 0.3694]" "(0.0, 6.632)"
rawdata/6-29-4-timetorockandroll_h0.mp4 "[0.7833, 0.1296, 0.9682, 0.3694]" "(1.679, 20.0)"
rawdata/6-29-4-timetorockandroll_h1.mp4 "[0.7833, 0.1296, 0.9682, 0.3694]" "(3.801, 30.779)" "(35.922, 42.205)"
rawdata/6-29-4-timetorockandroll_h2.mp4 "[0.7833, 0.1296, 0.9682, 0.3694]" "(3.488, 16.566)"
rawdata/6-29-4-timetorockandroll_h3.mp4 "[0.7833, 0.1296, 0.9682, 0.3694]" "(1.305, 15.838)"
rawdata/6-29-4-timetorockandroll_h4.mp4 "[0.7833, 0.1296, 0.9682, 0.3694]" "(3.117, 11.307)"
rawdata/6-29-4-timetorockandroll_h5.mp4 "[0.7833, 0.1296, 0.9682, 0.3694]" "(1.454, 27.844)"
rawdata/6-29-4-timetorockandroll_h6.mp4 "[0.7833, 0.1296, 0.9682, 0.3694]"
rawdata/6-29-4-timetorockandroll_h7.mp4 "[0.7833, 0.1296, 0.9682, 0.3694]" "(0.0, 26.851)"
rawdata/6-29-4-timetorockandroll_h8.mp4 "[0.7833, 0.1296, 0.9682, 0.3694]" "(0.0, 21.559)"
rawdata/6-29-4-timetorockandroll_h9.mp4 "[0.7833, 0.1296, 0.9682, 0.3694]" "(1.447, 26.261)"
